part_id,failure_mode,potential_cause,historical_severity,historical_occurrence,historical_detection,recommended_action
TR-FL-001,Wear through / line stress from mechanical interference,Conductive heating & chafing from close proximity to turbo hot sources,9,7,4,Determine final placement of cooler lines; add protective silicone fiberglass chafing sleeve.
TR-FL-002,Stem seal weep under high thermal cycling,Packing nut loosening under continuous engine 2nd order harmonic vibration,8,5,3,Apply high-temp thread locker and increase packing nut torque specification to 45 Nm.
TR-FL-003,Thermal degradation & outer cover micro-cracking,Radiant engine bay heat soak exceeding 140°C continuous rating,9,6,4,Upgrade outer layer to double-braided silicone jacket; relocate 30mm away from manifold.
TR-FL-004,Low-temperature fuel weeping below -15°C,Hose rubber cold compression set exceeding clamp spring expansion margin,6,5,3,Upgrade to Belleville-assisted constant tension clamp with 20% higher spring travel.
TR-FL-005,Resonant fatigue fracture along primary mounting lug fillet,First bending mode vibration (145 Hz) matching diesel engine firing frequency,8,6,5,Increase fillet radius from 2.5mm to 5.0mm and add 4mm stiffening rib gussets.
TR-FL-006,Retaining latch tab embrittlement fracture,UV exposure combined with calcium chloride road salt chemical degradation,9,4,6,Mandate UV-stabilized PA12 nylon compound and stainless steel secondary locking clip.
TR-FL-007,Stress corrosion cracking of polymer bowl body,Chemical attack from aggressive biodiesel additives under high ambient temperature,7,4,3,Switch bowl material to chemical-resistant Grilamid TR-90 nylon.
TR-FL-008,Vent line pinch and fuel starvation under chassis twist,Inadequate clearance to rear axle suspension link during max articulation,8,5,4,Reroute tube through internal frame channel with steel spiral armor sleeve.
TR-FL-009,Barb fitting pop-off under cold start pressure spikes,Viscous cold fuel creating transient backpressure above barb pull-off rating,7,6,3,Replace push-on barbs with positive-locking brass crimp ferrules.
TR-FL-010,Mesh collapse under severe bio-paraffin wax clogging,Cold diesel wax precipitation restricting flow area during sub-zero operation,6,5,3,Add 50W electric PTC heater element into suction strainer housing.
TR-AC-011,Refrigerant leakage at aluminum crimp fitting collar,Axial fretting between ferrule crimp and rubber barrier under engine shake,7,6,5,Mandate 8-segment deep bubble crimp geometry with HNBR inner sealant coating.
TR-AC-012,Wall abrasion pinhole leak against engine frame rail,Inadequate clearance (<15mm) allowing contact during chassis torsional twist,5,5,4,Add rigid P-clamp support bracket to maintain guaranteed 25mm clearance.
TR-AC-013,Brittle fatigue fracture at lower compressor bolt eyelet,Casting shrinkage porosity combined with cantilevered belt tension load,8,5,4,Specify 100% X-ray inspection on casting lugs; increase lug wall thickness by 3mm.
TR-AC-014,Seal extrusion and permanent compression set loss,Engine compartment heat soak exceeding 135°C after engine shutdown,6,4,3,Upgrade seal compound to FKM Fluorocarbon with PTFE anti-extrusion backup ring.
TR-AC-015,Internal orifice clogging and cab cooling loss,Desiccant silica gel breakdown debris from receiver-drier bottle,6,4,2,Incorporate 50-micron stainless steel inlet filter mesh inside valve body.
TR-AC-016,Galvanic corrosion pitting on aluminum bottle housing,Direct steel-to-aluminum contact without insulating isolator gasket,5,6,3,Add EPDM rubber sleeve lining inside mounting strap.
TR-AC-017,Blower noise chitter and duct slippage,Torque loss of worm-gear screw under cab heating/cooling cycles,4,5,2,Switch to constant-tension spring-loaded T-bolt clamp.
TR-AC-018,Schrader valve core leak following dealership servicing,Dirt ingress into valve seat during field servicing without protective dust cap,5,4,3,Tether heavy-duty rubber sealed dust cap directly to service port body.
TR-AC-019,A-pillar trim buzzing & structure-borne noise transmission,Hose stiffness transmitting compressor pulsation frequencies into cab sheet metal,4,7,2,Insert inline hydraulic noise attenuator loop at cab isolation interface.
TR-AC-020,Solenoid coil short circuit under high humidity washdown,High-pressure power washer intrusion past connector seal,7,3,4,Upgrade connector housing to Deutsch DT IP69K sealed connector.
TR-HYD-021,Catastrophic hose wire burst & high-pressure oil spray,Transient hydraulic shock wave exceeding impulse fatigue limit (500k cycles),10,5,4,Upgrade hose specification to 6-spiral wire SAE 100R17 rated for 420 bar working pressure.
TR-HYD-022,Bore micro-fretting & steering play accumulation,Insufficient bore surface hardness (HRC < 35) under cyclic steering torque,8,4,5,Induction harden kingpin taper bore to HRC 55-60 to depth of 2.5mm.
TR-HYD-023,Thread shear & fitting disconnection during maintenance,Over-torquing beyond 60 Nm combined with low shear strength of 11SMn30 steel,7,3,2,Upgrade adapter body material to High-Strength Forged 42CrMo4 Steel.
TR-HYD-024,Crater pitting & pinhole oil leak under severe salt spray,Zinc plating breakdown under aggressive winter de-icing chemicals,9,3,4,Mandate Zinc-Nickel (ZnNi) plating with minimum 720-hour salt spray endurance.
TR-HYD-025,Hose collapse & oil cavitation under cold start suction,Vacuum collapse of inner rubber tube when fluid viscosity is high at -20°C,6,4,3,Insert internal stainless steel helical wire coil inside hose lumen.
TR-HYD-026,Outer cover gouging from 3-point hitch sway link pinch,Insufficient clearance during extreme hitch lateral sway movement,8,6,3,Add heavy-duty UHMW polyethylene spiral wrap guard over hose length.
TR-HYD-027,Cab floor pan oil drumming & steering wheel vibration,Dampener stiffness too high transmitting orbitrol pressure ripples,4,6,2,Redesign with dual-durometer tuned rubber isolation bushings.
TR-HYD-028,Poppet valve stuck open leading to hydraulic oil spillage,Dirt particle contamination jamming internal poppet return spring,7,5,2,Include automatic breakaway dust covers with internal flushing grooves.
TR-HYD-029,Steering drift due to air entrapment in pilot line,High compliance in micro-bore tube expanding under pilot pressure,7,4,4,Replace flex tube with rigid stainless steel 4mm hard line.
TR-HYD-030,Wax element stuck in bypass mode causing oil overheating,"Thermal degradation of paraffin wax charge after 1,500 operating hours",8,4,3,"Replace wax element with bimetallic disc actuator rated for 5,000 hours."
TR-ENG-031,Electrochemical degradation (ECD) inner tube micro-channeling,Stray electrical currents in coolant fluid creating galvanic degradation,8,5,4,Mandate ECD-resistant EPDM rubber compound (SAE J20 R4 Class D-1).
TR-ENG-032,Hose suction collapse under high engine RPM,Corrosion fracture of internal wire spring under acidic glycol breakdown,9,4,4,Switch wire spring material to stainless steel 302 wire.
TR-ENG-033,Coolant vapor permeation loss requiring frequent top-ups,High steam permeability coefficient of standard silicone rubber,5,6,2,Add fluoro-silicone (FVMQ) inner liner barrier layer.
TR-ENG-034,Coolant weeping during extreme cold soak (-25°C),EPDM hose neck relaxation exceeding clamp Belleville spring travel,6,5,3,Increase Belleville washer stack height to allow double spring displacement.
TR-ENG-035,Internal cavitation erosion pitting at 90-degree elbow bend,High coolant velocity (>4.5 m/s) creating localized vapor bubble collapse,7,4,4,Increase bend radius ratio R/D from 1.5 to 2.5 to reduce flow turbulence.
TR-ENG-036,Oil blistering and outer cover delamination,Transmission fluid additives (sulfur-phosphorus EP) swelling inner rubber,8,4,3,Upgrade inner rubber liner to Fluoroelastomer FKM.
TR-ENG-037,Thermal shock cracking at banjo fitting brazed joint,Severe thermal gradient during hot engine shutdown (coking temperature >300°C),9,3,5,Replace brazed banjo fitting with one-piece forged stainless steel fitting.
TR-ENG-038,Hose hardening & brittle snapping when touched during maintenance,Exhaust heat radiation exceeding 180°C continuous silicone thermal limit,7,5,3,Install reflective aluminum heat shield guard over EGR return hose.
TR-ENG-039,Fan blade tip clipping against shroud ring,Bracket flexure under heavy chassis twist allowing shroud misalignment,9,4,4,Add diagonal cross-brace tie rod to stiffen fan shroud structure.
TR-ENG-040,Dezincification corrosion & stem snapping upon opening,Aggressive tap water used in field topping off coolant mixture,6,4,2,Switch drain cock material to DZR (Dezincification Resistant) Brass CW602N.
TR-ELE-041,Kinking and trailer brake locking during sharp turn,Inadequate bend radius allowance at cab rear articulation joint,10,4,5,Incorporate coiled spiral spring-back air line assembly (Gladhand extension).
TR-ELE-042,Conduit melting & wire insulation short circuit to ground,Conduit sagging onto exhaust manifold heat shield,9,5,4,Upgrade conduit material to high-temp PA6 nylon with metal P-clamp retaining clips.
TR-ELE-043,Short circuit arc-flash against frame rail,EPDM rubber cushion wearing through under continuous cable vibration,10,3,5,Add secondary thick-walled polyolefin heat shrink sleeve over cable under P-clamp.
TR-ELE-044,Boot tearing and starter corrosion failure,Tearing during assembly due to sharp edges on terminal lug,7,6,3,Specify tear-resistant liquid silicone rubber (LSR) with rounded terminal lugs.
TR-ELE-045,Carbon buildup restriction inside PTFE tube lumen,Compressor oil carryover coking under extreme 220°C discharge heat,8,4,3,Increase internal tube diameter from 12mm to 16mm and add cooling fin section.
TR-ELE-046,Sensor wire rip-out during field tilling,Heavy corn stalk wrapping around unprotected wheel speed cable loop,8,6,4,Fully enclose cable inside heavy-duty steel channel guard.
TR-ELE-047,Park brake binding & pad drag in winter,Water ingress freezing inside cable liner at sub-zero temperatures,8,5,3,Incorporate double-lip silicone end wiper seals with synthetic low-temp grease.
TR-ELE-048,Dust & water leaks into cab interior during pressure washing,Incomplete sealing around bundled irregular wire harness shapes,6,6,2,Switch to pourable polyurethane gel foam sealing grommet block.
TR-ELE-049,Sensor diaphragm fatigue failure & internal oil leak,High-frequency hydraulic pressure ripple spikes from piston pump,9,3,5,Incorporate 0.8mm micro-orifice snubber inside sensor adapter thread port.
TR-ELE-050,Loss of differential lock engagement under heavy field pull,Tubing softening and swelling under ambient hydraulic fluid mist,7,4,3,Upgrade tube material to oil-resistant Polyamide PA11.
